{"0.1": {"4": {"algo_access": 169323, "algo_reconfig": 390778, "algo_max_acc": 20, "algo_mean_serv_c": 223.32068311195445, "wbl_access": 179915, "wbl_reconfig": 456224, "wbl_max_acc": 20, "wbl_mean_serv_c": 231.94117647058823}}, "0.2": {"4": {"algo_access": 159346, "algo_reconfig": 368166, "algo_max_acc": 20, "algo_mean_serv_c": 208.6985446985447, "wbl_access": 186551, "wbl_reconfig": 421990, "wbl_max_acc": 20, "wbl_mean_serv_c": 215.26205450733752}}, "0.3": {"4": {"algo_access": 154902, "algo_reconfig": 397743, "algo_max_acc": 20, "algo_mean_serv_c": 239.16091954022988, "wbl_access": 205639, "wbl_reconfig": 428518, "wbl_max_acc": 20, "wbl_mean_serv_c": 253.03459637561778}}, "0.4": {"4": {"algo_access": 156152, "algo_reconfig": 383549, "algo_max_acc": 20, "algo_mean_serv_c": 171.04787234042553, "wbl_access": 243188, "wbl_reconfig": 420736, "wbl_max_acc": 20, "wbl_mean_serv_c": 172.92631578947368}}, "0.5": {"4": {"algo_access": 132403, "algo_reconfig": 308811, "algo_max_acc": 20, "algo_mean_serv_c": 157.60955056179776, "wbl_access": 252384, "wbl_reconfig": 363326, "wbl_max_acc": 20, "wbl_mean_serv_c": 156.1867816091954}}, "0.6": {"4": {"algo_access": 111165, "algo_reconfig": 258199, "algo_max_acc": 20, "algo_mean_serv_c": 146.52011494252875, "wbl_access": 253885, "wbl_reconfig": 303967, "wbl_max_acc": 20, "wbl_mean_serv_c": 146.71142857142857}}, "0.7": {"4": {"algo_access": 94813, "algo_reconfig": 217513, "algo_max_acc": 20, "algo_mean_serv_c": 134.5787878787879, "wbl_access": 254084, "wbl_reconfig": 232981, "wbl_max_acc": 20, "wbl_mean_serv_c": 134.77575757575758}}, "0.8": {"4": {"algo_access": 68221, "algo_reconfig": 164108, "algo_max_acc": 20, "algo_mean_serv_c": 125.7831715210356, "wbl_access": 242637, "wbl_reconfig": 171660, "wbl_max_acc": 20, "wbl_mean_serv_c": 125.59424920127796}}, "0.9": {"4": {"algo_access": 33735, "algo_reconfig": 94447, "algo_max_acc": 19, "algo_mean_serv_c": 108.19066147859922, "wbl_access": 209620, "wbl_reconfig": 95756, "wbl_max_acc": 19, "wbl_mean_serv_c": 108.19066147859922}}}