{"4": {"20": {"algo_access": 2682, "algo_max_acc": 10, "algo_mean_serv_c": 13.52132701421801, "wbl_access": 5938, "wbl_max_acc": 10, "wbl_mean_serv_c": 13.52132701421801}}}