{"4": {"20": {"algo_access": 2538, "algo_max_acc": 11, "algo_mean_serv_c": 9.810055865921788, "wbl_access": 2654, "wbl_max_acc": 9, "wbl_mean_serv_c": 9.921787709497206}}}