{"4": {"20": {"algo_access": 2802, "algo_max_acc": 12, "algo_mean_serv_c": 12.396135265700483, "wbl_access": 4800, "wbl_max_acc": 12, "wbl_mean_serv_c": 12.420289855072463}}}