{"4": {"20": {"algo_access": 2874, "algo_max_acc": 10, "algo_mean_serv_c": 14.95852534562212, "wbl_access": 7567, "wbl_max_acc": 10, "wbl_mean_serv_c": 14.95852534562212}}}