{"4": {"20": {"algo_access": 2704, "algo_max_acc": 11, "algo_mean_serv_c": 11.201058201058201, "wbl_access": 5098, "wbl_max_acc": 9, "wbl_mean_serv_c": 11.253968253968255}}}